player_id,name,team,position,season,games_played,passing_attempts,passing_completions,passing_yards,passing_tds,interceptions,rushing_attempts,rushing_yards,rushing_tds,targets,receptions,receiving_yards,receiving_tds,fumbles,fumbles_lost,fantasy_points_ppr,fantasy_points_half_ppr,fantasy_points_std
1000,Patrick Mahomes,KC,QB,2024,14,526,340,4187,44,15,39,561,5,0,0,0,0,0,0,352.3,300.15,325.07
1001,Josh Allen,BUF,QB,2024,16,586,406,3802,30,14,48,568,4,0,0,0,0,0,1,312.58,346.7,290.83
1002,Jalen Hurts,PHI,QB,2024,15,509,379,4198,35,12,37,474,2,0,0,0,0,0,2,375.2,319.03,338.26
1003,Dak Prescott,DAL,QB,2024,14,413,325,3675,29,6,56,563,8,0,0,0,0,3,1,375.75,335.86,357.73
1004,Joe Burrow,CIN,QB,2024,17,452,317,4135,29,5,72,223,3,0,0,0,0,0,2,297.23,292.57,327.21
1005,Lamar Jackson,BAL,QB,2024,17,525,408,3770,35,13,52,330,6,0,0,0,0,2,0,352.25,354.45,292.19
1006,Justin Herbert,LAC,QB,2024,14,573,354,4743,45,11,71,237,5,0,0,0,0,3,0,301.28,282.16,347.64
1007,Trevor Lawrence,JAX,QB,2024,16,553,397,4170,34,12,53,363,6,0,0,0,0,2,1,323.27,309.35,291.2
1008,Brock Purdy,SF,QB,2024,16,595,327,3924,28,10,51,394,7,0,0,0,0,2,1,341.46,365.86,261.43
1009,Tua Tagovailoa,MIA,QB,2024,17,432,381,3736,25,5,77,323,4,0,0,0,0,2,1,331.97,346.94,276.53
1010,C.J. Stroud,HOU,QB,2024,14,457,308,4788,31,11,35,558,2,0,0,0,0,1,1,308.76,337.32,304.13
1011,Jordan Love,GB,QB,2024,15,420,363,4005,25,6,51,454,5,0,0,0,0,1,2,323.45,300.59,281.66
1012,Jared Goff,DET,QB,2024,14,473,410,4017,34,12,41,508,4,0,0,0,0,2,1,325.06,362.53,352.23
1013,Kirk Cousins,ATL,QB,2024,15,594,367,3989,36,12,76,456,2,0,0,0,0,0,2,332.61,342.23,281.29
1014,Geno Smith,SEA,QB,2024,15,554,299,4302,41,8,71,598,8,0,0,0,0,3,1,360.22,276.63,326.08
1015,Baker Mayfield,TB,QB,2024,16,518,316,3638,42,13,75,381,5,0,0,0,0,1,1,368.01,331.43,337.43
1016,Matthew Stafford,LAR,QB,2024,14,402,419,3752,25,12,51,556,3,0,0,0,0,1,0,342.31,354.25,332.74
1017,Russell Wilson,PIT,QB,2024,17,404,280,4966,41,8,61,394,8,0,0,0,0,0,2,348.84,297.31,326.92
1018,Anthony Richardson,IND,QB,2024,14,402,326,4882,29,11,79,202,6,0,0,0,0,1,0,297.74,275.82,339.91
1019,Derek Carr,NO,QB,2024,15,588,364,4708,42,11,78,311,2,0,0,0,0,1,1,343.68,361.04,260.55
1020,Kyler Murray,ARI,QB,2024,14,405,367,3766,32,10,65,435,8,0,0,0,0,3,2,349.37,301.1,291.54
1021,Bryce Young,CAR,QB,2024,14,519,320,4497,33,11,39,361,4,0,0,0,0,2,1,355.41,367.86,342.07
1022,Aaron Rodgers,NYJ,QB,2024,15,568,383,3829,25,8,38,213,6,0,0,0,0,2,0,290.89,310.55,300.56
1023,Daniel Jones,NYG,QB,2024,17,552,312,4357,45,14,52,594,5,0,0,0,0,1,2,322.11,284.84,289.94
1024,Deshaun Watson,CLE,QB,2024,16,409,311,4774,36,10,74,397,3,0,0,0,0,2,1,324.77,335.12,348.95
1025,Sam Howell,WAS,QB,2024,17,540,301,3880,42,13,77,357,6,0,0,0,0,2,1,285.15,352.58,307.68
1026,Will Levis,TEN,QB,2024,15,411,316,4088,36,14,50,374,7,0,0,0,0,2,0,303.33,333.34,318.89
1027,Jacoby Brissett,NE,QB,2024,14,573,340,3678,29,5,50,322,8,0,0,0,0,1,0,329.07,360.07,282.77
1028,Aidan O'Connell,LV,QB,2024,17,564,349,3755,25,14,57,324,4,0,0,0,0,0,2,361.39,298.72,346.17
1029,Bo Nix,DEN,QB,2024,14,592,350,4002,38,7,76,386,2,0,0,0,0,1,0,289.9,288.1,348.28
1030,Justin Fields,PIT,QB,2024,17,502,360,3687,31,6,58,381,7,0,0,0,0,2,0,345.74,297.63,286.01
1031,Caleb Williams,CHI,QB,2024,15,571,289,3843,34,5,46,554,7,0,0,0,0,2,2,346.34,327.89,317.8
1032,Christian McCaffrey,SF,RB,2024,16,0,0,0,0,0,311,1199,7,39,48,763,6,1,0,207.36,326.42,179.05
1033,Derrick Henry,BAL,RB,2024,16,0,0,0,0,0,218,1467,12,76,71,706,2,3,0,306.16,293.12,153.63
1034,Saquon Barkley,PHI,RB,2024,14,0,0,0,0,0,235,972,13,36,56,324,5,0,2,185.74,179.67,283.65
1035,Breece Hall,NYJ,RB,2024,14,0,0,0,0,0,243,1148,11,33,31,393,1,0,2,287.45,285.1,275.87
1036,Bijan Robinson,ATL,RB,2024,13,0,0,0,0,0,293,1561,13,75,31,540,5,2,2,311.92,329.8,178.89
1037,Jahmyr Gibbs,DET,RB,2024,17,0,0,0,0,0,260,957,14,62,75,585,4,3,0,242.2,243.46,157.94
1038,Travis Etienne,JAX,RB,2024,12,0,0,0,0,0,193,916,9,49,37,762,4,2,1,328.16,206.43,209.91
1039,Josh Jacobs,GB,RB,2024,14,0,0,0,0,0,212,1693,12,34,70,279,2,2,2,298.56,185.57,287.15
1040,Kenneth Walker,SEA,RB,2024,13,0,0,0,0,0,286,1254,15,44,60,585,6,2,2,205.21,232.7,150.01
1041,Alvin Kamara,NO,RB,2024,14,0,0,0,0,0,280,1155,13,79,50,622,1,0,0,281.15,206.91,254.37
1042,Joe Mixon,HOU,RB,2024,13,0,0,0,0,0,226,1028,7,49,66,608,6,1,1,192.5,275.15,206.43
1043,David Montgomery,DET,RB,2024,16,0,0,0,0,0,218,1100,16,58,52,676,1,1,2,295.96,238.26,251.31
1044,Isiah Pacheco,KC,RB,2024,12,0,0,0,0,0,247,1235,14,34,70,543,2,3,1,270.49,216.58,244.26
1045,De'Von Achane,MIA,RB,2024,15,0,0,0,0,0,319,1257,15,57,46,306,4,1,1,295.74,171.3,171.08
1046,Rachaad White,TB,RB,2024,15,0,0,0,0,0,180,1108,16,82,52,591,5,1,0,278.65,323.26,160.32
1047,James Conner,ARI,RB,2024,14,0,0,0,0,0,283,1232,15,87,48,408,6,3,0,238.11,275.86,297.53
1048,Kyren Williams,LAR,RB,2024,12,0,0,0,0,0,264,1006,7,53,41,619,4,1,0,216.23,276.97,278.55
1049,Tony Pollard,TEN,RB,2024,13,0,0,0,0,0,216,1668,11,48,61,312,5,2,0,260.75,261.53,259.21
1050,Raheem Mostert,MIA,RB,2024,13,0,0,0,0,0,197,1005,12,63,69,508,3,3,0,220.28,270.12,180.22
1051,Najee Harris,PIT,RB,2024,14,0,0,0,0,0,238,1634,18,69,67,392,2,3,0,221.25,193.5,218.97
1052,D'Andre Swift,CHI,RB,2024,17,0,0,0,0,0,318,1468,7,89,54,206,4,0,1,272.03,313.23,161.53
1053,Rhamondre Stevenson,NE,RB,2024,14,0,0,0,0,0,215,1506,6,58,71,591,5,2,0,198.64,247.93,270.53
1054,Jonathan Taylor,IND,RB,2024,12,0,0,0,0,0,307,1365,6,69,35,315,6,2,0,323.47,245.91,155.56
1055,Aaron Jones,MIN,RB,2024,16,0,0,0,0,0,222,1444,6,34,55,492,3,0,1,269.45,277.79,238.21
1056,Javonte Williams,DEN,RB,2024,16,0,0,0,0,0,253,1060,13,60,47,687,4,1,2,183.4,273.15,270.2
1057,James Cook,BUF,RB,2024,13,0,0,0,0,0,210,901,18,52,47,569,6,3,0,274.41,293.62,298.17
1058,Zack Moss,CIN,RB,2024,14,0,0,0,0,0,273,906,11,64,72,652,1,0,0,252.25,177.33,288.88
1059,Jerome Ford,CLE,RB,2024,16,0,0,0,0,0,281,931,10,37,61,553,4,0,2,248.86,194.59,183.2
1060,Chuba Hubbard,CAR,RB,2024,16,0,0,0,0,0,219,938,13,44,74,557,3,2,2,213.54,310.33,151.94
1061,Brian Robinson,WAS,RB,2024,14,0,0,0,0,0,245,1349,11,36,70,404,2,0,0,339.86,203.31,169.43
1062,Zamir White,LV,RB,2024,16,0,0,0,0,0,201,1720,7,56,58,599,2,0,2,308.12,284.28,234.13
1063,Gus Edwards,LAC,RB,2024,16,0,0,0,0,0,306,945,6,39,50,743,4,2,2,310.15,172.44,166.42
1064,Tyjae Spears,TEN,RB,2024,14,0,0,0,0,0,251,1756,15,42,65,655,2,0,1,341.42,268.17,279.75
1065,Ezekiel Elliott,DAL,RB,2024,13,0,0,0,0,0,311,1787,15,45,54,253,6,0,0,325.16,262.24,159.57
1066,Antonio Gibson,NE,RB,2024,17,0,0,0,0,0,267,1247,18,82,40,757,4,3,1,218.2,217.14,158.05
1067,Miles Sanders,CAR,RB,2024,13,0,0,0,0,0,230,1571,11,69,34,473,5,2,0,292.26,255.17,286.15
1068,Khalil Herbert,CHI,RB,2024,15,0,0,0,0,0,283,1171,16,35,40,638,3,1,1,214.82,254.04,173.38
1069,Tyler Allgeier,ATL,RB,2024,13,0,0,0,0,0,274,1459,11,43,28,748,5,0,0,234.2,188.15,239.46
1070,Dameon Pierce,HOU,RB,2024,12,0,0,0,0,0,184,1666,6,80,30,697,2,2,1,268.42,197.92,281.75
1071,AJ Dillon,GB,RB,2024,12,0,0,0,0,0,239,969,17,67,46,599,4,0,1,218.38,284.02,214.53
1072,Cordarrelle Patterson,PIT,RB,2024,15,0,0,0,0,0,319,1003,10,33,38,443,3,3,1,337.66,266.52,289.08
1073,Latavius Murray,BUF,RB,2024,16,0,0,0,0,0,225,1436,13,76,36,507,3,0,1,300.91,257.2,281.1
1074,Zach Charbonnet,SEA,RB,2024,15,0,0,0,0,0,235,1333,7,33,64,364,3,1,0,250.9,210.85,293.3
1075,Roschon Johnson,CHI,RB,2024,16,0,0,0,0,0,302,1514,16,79,73,249,5,1,0,287.13,302.6,222.56
1076,Tank Bigsby,JAX,RB,2024,14,0,0,0,0,0,221,1703,10,61,39,547,4,2,0,339.01,294.17,156.43
1077,Trey Sermon,IND,RB,2024,17,0,0,0,0,0,191,1048,14,81,64,511,2,0,1,298.88,260.35,169.04
1078,Craig Reynolds,DET,RB,2024,13,0,0,0,0,0,237,1145,9,84,40,725,6,3,2,252.24,223.04,182.39
1079,Devin Singletary,NYG,RB,2024,15,0,0,0,0,0,236,1647,8,70,40,408,6,3,2,217.76,287.51,181.98
1080,Damien Harris,BUF,RB,2024,14,0,0,0,0,0,233,1506,14,67,59,773,2,1,1,276.37,224.46,196.48
1081,Samaje Perine,DEN,RB,2024,17,0,0,0,0,0,216,1584,9,67,66,553,1,3,1,343.23,240.99,161.37
1082,Justice Hill,BAL,RB,2024,17,0,0,0,0,0,199,1674,16,84,40,783,6,2,2,229.43,220.31,281.35
1083,Alexander Mattison,LV,RB,2024,17,0,0,0,0,0,216,1722,8,84,26,262,4,1,0,249.46,324.5,212.03
1084,Clyde Edwards-Helaire,KC,RB,2024,15,0,0,0,0,0,213,1444,13,54,27,757,4,1,2,305.58,174.69,217.12
1085,Ke'Shawn Vaughn,TB,RB,2024,15,0,0,0,0,0,268,900,11,76,46,709,2,3,0,299.58,241.36,260.31
1086,Chase Edmonds,TB,RB,2024,15,0,0,0,0,0,289,985,18,83,38,667,1,0,2,334.4,259.43,267.16
1087,Joshua Kelley,LAC,RB,2024,15,0,0,0,0,0,240,960,16,76,61,677,4,0,2,282.82,271.75,192.77
1088,Ty Johnson,BUF,RB,2024,13,0,0,0,0,0,195,1681,6,50,59,353,5,2,1,287.78,224.32,206.49
1089,Michael Carter,ARI,RB,2024,16,0,0,0,0,0,303,1533,7,45,70,209,3,1,2,299.81,299.94,220.31
1090,Elijah Mitchell,SF,RB,2024,16,0,0,0,0,0,306,1276,15,51,28,360,2,1,0,278.49,284.24,194.4
1091,Cam Akers,MIN,RB,2024,14,0,0,0,0,0,302,1224,9,75,53,622,4,3,1,344.98,249.91,165.45
1092,Jamaal Williams,NO,RB,2024,16,0,0,0,0,0,288,1360,14,54,58,269,5,2,2,247.69,247.55,235.98
1093,Kareem Hunt,CLE,RB,2024,16,0,0,0,0,0,278,1454,13,89,64,725,5,0,1,301.79,220.35,151.7
1094,Melvin Gordon,BAL,RB,2024,16,0,0,0,0,0,296,1217,6,66,56,236,5,3,2,196.77,232.22,183.92
1095,Tyreek Hill,MIA,WR,2024,15,0,0,0,0,0,4,93,2,144,108,1486,15,2,0,218.23,291.77,272.63
1096,CeeDee Lamb,DAL,WR,2024,16,0,0,0,0,0,10,52,0,127,88,1704,11,2,1,240.47,241.31,256.79
1097,Amon-Ra St. Brown,DET,WR,2024,17,0,0,0,0,0,5,1,1,163,94,1173,9,0,1,326.37,202.53,194.21
1098,A.J. Brown,PHI,WR,2024,16,0,0,0,0,0,15,37,1,128,121,1393,6,1,1,348.88,224.65,189.77
1099,Justin Jefferson,MIN,WR,2024,17,0,0,0,0,0,13,81,0,146,109,1697,12,2,0,295.62,277.62,169.03
1100,Ja'Marr Chase,CIN,WR,2024,14,0,0,0,0,0,14,30,0,120,111,1320,15,2,1,336.06,245.27,260.71
1101,Stefon Diggs,HOU,WR,2024,17,0,0,0,0,0,4,39,2,156,98,1617,10,2,1,356.63,321.57,197.6
1102,Davante Adams,LV,WR,2024,16,0,0,0,0,0,5,73,2,144,129,1069,11,2,1,269.79,185.98,250.36
1103,Puka Nacua,LAR,WR,2024,15,0,0,0,0,0,12,69,1,117,92,1249,14,1,1,360.98,221.03,166.67
1104,Nico Collins,HOU,WR,2024,17,0,0,0,0,0,6,14,1,100,126,983,11,0,0,306.19,333.65,226.36
1105,Garrett Wilson,NYJ,WR,2024,15,0,0,0,0,0,7,56,1,149,84,1753,10,0,1,318.44,276.68,243.35
1106,Brandon Aiyuk,SF,WR,2024,17,0,0,0,0,0,1,40,2,171,110,1244,14,1,0,284.16,247.0,270.7
1107,DK Metcalf,SEA,WR,2024,14,0,0,0,0,0,12,74,0,143,123,1110,8,1,0,269.23,207.96,274.4
1108,DeVonta Smith,PHI,WR,2024,17,0,0,0,0,0,14,94,2,150,86,1357,15,2,1,321.83,315.22,260.46
1109,Cooper Kupp,LAR,WR,2024,15,0,0,0,0,0,1,53,0,158,72,1363,13,0,0,369.56,183.49,256.96
1110,Mike Evans,TB,WR,2024,14,0,0,0,0,0,14,50,2,134,104,996,13,0,0,267.86,244.05,210.77
1111,Chris Olave,NO,WR,2024,17,0,0,0,0,0,7,52,2,126,108,1033,15,2,1,365.57,266.5,307.31
1112,DJ Moore,CHI,WR,2024,15,0,0,0,0,0,13,46,0,112,112,1326,11,0,1,229.41,209.0,189.3
1113,Deebo Samuel,SF,WR,2024,15,0,0,0,0,0,12,67,1,115,70,1211,8,1,1,261.05,259.57,292.03
1114,Keenan Allen,CHI,WR,2024,15,0,0,0,0,0,5,78,2,162,119,965,9,1,0,281.82,339.99,211.37
1115,Calvin Ridley,TEN,WR,2024,15,0,0,0,0,0,1,89,2,156,114,1182,13,2,1,351.75,189.89,169.01
1116,Amari Cooper,CLE,WR,2024,16,0,0,0,0,0,8,27,2,116,82,1511,14,2,1,323.35,334.61,199.28
1117,Jaylen Waddle,MIA,WR,2024,17,0,0,0,0,0,2,63,0,100,97,1004,10,0,1,278.46,206.57,307.6
1118,Terry McLaurin,WAS,WR,2024,17,0,0,0,0,0,4,9,2,143,86,1641,10,0,1,363.0,309.3,263.57
1119,Christian Kirk,JAX,WR,2024,16,0,0,0,0,0,11,80,2,164,102,1635,7,0,1,354.98,300.97,269.89
1120,Diontae Johnson,CAR,WR,2024,14,0,0,0,0,0,1,86,2,113,103,1393,13,1,1,250.27,292.0,223.64
1121,Marquise Brown,KC,WR,2024,14,0,0,0,0,0,12,92,1,165,73,1525,6,1,0,256.03,254.8,174.05
1122,Drake London,ATL,WR,2024,17,0,0,0,0,0,12,2,0,172,109,1622,7,1,1,214.48,337.29,268.0
1123,Chris Godwin,TB,WR,2024,14,0,0,0,0,0,3,37,1,147,82,1014,7,1,1,278.27,244.21,279.89
1124,DeAndre Hopkins,TEN,WR,2024,15,0,0,0,0,0,5,91,2,141,72,936,11,0,0,264.09,234.19,199.93
1125,Michael Pittman,IND,WR,2024,16,0,0,0,0,0,6,84,1,149,115,1590,13,1,1,323.45,187.75,290.43
1126,Zay Flowers,BAL,WR,2024,14,0,0,0,0,0,0,55,2,122,130,1277,12,0,0,298.9,212.55,253.17
1127,George Pickens,PIT,WR,2024,17,0,0,0,0,0,7,97,0,108,85,1541,10,1,1,304.27,188.87,278.74
1128,Jakobi Meyers,LV,WR,2024,14,0,0,0,0,0,9,68,1,131,80,1229,10,1,1,304.9,242.3,166.13
1129,Tyler Lockett,SEA,WR,2024,14,0,0,0,0,0,11,90,1,163,113,1065,13,0,1,229.88,288.59,270.8
1130,Courtland Sutton,DEN,WR,2024,17,0,0,0,0,0,11,31,0,134,130,1637,6,1,0,340.44,228.47,214.04
1131,Jordan Addison,MIN,WR,2024,14,0,0,0,0,0,4,20,1,178,105,1713,12,2,0,315.61,182.88,234.13
1132,Rashee Rice,KC,WR,2024,14,0,0,0,0,0,9,72,0,170,80,1225,6,2,0,278.75,202.68,172.91
1133,Tank Dell,HOU,WR,2024,15,0,0,0,0,0,4,72,0,150,130,1197,15,0,1,304.46,259.1,293.08
1134,Jaxon Smith-Njigba,SEA,WR,2024,14,0,0,0,0,0,10,22,0,163,112,1422,11,0,0,342.68,250.21,290.85
1135,Jameson Williams,DET,WR,2024,16,0,0,0,0,0,12,38,1,174,128,1497,8,1,0,319.3,260.71,274.15
1136,Quentin Johnston,LAC,WR,2024,17,0,0,0,0,0,15,1,2,132,105,1534,11,2,1,259.02,214.58,274.05
1137,Rashid Shaheed,NO,WR,2024,17,0,0,0,0,0,15,1,2,164,106,1687,13,1,1,367.76,187.97,211.09
1138,Joshua Palmer,LAC,WR,2024,15,0,0,0,0,0,11,1,2,111,74,1613,7,1,0,205.85,233.33,223.4
1139,Romeo Doubs,GB,WR,2024,15,0,0,0,0,0,7,11,0,149,105,955,14,2,1,241.49,256.3,230.47
1140,Darnell Mooney,ATL,WR,2024,16,0,0,0,0,0,5,91,2,139,99,1699,12,1,1,283.46,259.64,228.97
1141,Curtis Samuel,BUF,WR,2024,16,0,0,0,0,0,7,69,1,136,125,1663,8,0,1,232.98,191.3,261.67
1142,Jerry Jeudy,CLE,WR,2024,16,0,0,0,0,0,15,0,2,106,94,1691,10,0,1,317.13,194.33,207.98
1143,Gabe Davis,JAX,WR,2024,15,0,0,0,0,0,0,35,1,139,89,1645,6,1,1,332.91,264.48,289.56
1144,Brandin Cooks,DAL,WR,2024,17,0,0,0,0,0,12,99,2,157,71,1758,9,1,1,311.58,188.87,226.34
1145,Michael Thomas,NO,WR,2024,15,0,0,0,0,0,4,38,0,147,130,1466,15,0,0,330.44,254.52,298.49
1146,Tyler Boyd,TEN,WR,2024,16,0,0,0,0,0,0,98,0,131,113,1371,8,1,1,233.07,191.36,231.53
1147,Elijah Moore,CLE,WR,2024,14,0,0,0,0,0,9,61,2,178,87,1562,9,0,1,252.16,209.53,162.16
1148,Kadarius Toney,KC,WR,2024,17,0,0,0,0,0,5,2,1,166,86,1759,11,0,1,365.67,301.13,247.22
1149,K.J. Osborn,NE,WR,2024,16,0,0,0,0,0,9,70,1,142,128,1610,11,2,0,285.13,309.8,217.9
1150,Marquez Valdes-Scantling,BUF,WR,2024,16,0,0,0,0,0,9,48,1,156,107,928,11,0,0,215.9,273.7,184.04
1151,Mecole Hardman,KC,WR,2024,17,0,0,0,0,0,14,75,2,137,103,983,6,0,0,282.34,331.01,169.97
1152,Van Jefferson,PIT,WR,2024,17,0,0,0,0,0,10,17,1,103,118,1062,8,1,0,354.5,196.12,177.32
1153,Treylon Burks,TEN,WR,2024,15,0,0,0,0,0,3,46,2,141,110,1583,13,0,0,259.65,322.1,205.91
1154,Skyy Moore,KC,WR,2024,14,0,0,0,0,0,6,57,1,134,96,1150,9,1,0,258.6,207.79,168.18
1155,Wan'Dale Robinson,NYG,WR,2024,14,0,0,0,0,0,11,4,2,143,91,1199,9,0,1,293.46,246.07,182.92
1156,Josh Downs,IND,WR,2024,15,0,0,0,0,0,13,71,2,172,109,1682,9,1,1,250.04,259.71,234.75
1157,Jayden Reed,GB,WR,2024,16,0,0,0,0,0,7,26,2,173,129,914,10,1,1,343.2,190.56,288.47
1158,Michael Wilson,ARI,WR,2024,14,0,0,0,0,0,3,40,2,103,125,1645,8,0,0,301.52,289.92,164.34
1159,Rondale Moore,ARI,WR,2024,15,0,0,0,0,0,5,48,0,146,100,1684,11,1,0,266.71,246.98,206.37
1160,Marvin Mims,DEN,WR,2024,16,0,0,0,0,0,0,12,0,129,95,1678,12,0,0,236.22,205.47,199.98
1161,Jonathan Mingo,CAR,WR,2024,17,0,0,0,0,0,5,27,1,156,101,1699,12,0,1,328.51,319.2,249.75
1162,Demario Douglas,NE,WR,2024,15,0,0,0,0,0,12,17,2,148,113,1096,13,1,0,316.32,262.5,305.23
1163,Tutu Atwell,LAR,WR,2024,16,0,0,0,0,0,13,58,0,165,117,1133,14,2,1,281.59,190.57,255.33
1164,Xavier Legette,CAR,WR,2024,17,0,0,0,0,0,14,28,1,171,95,1466,15,0,1,308.98,334.27,201.95
1165,Ricky Pearsall,SF,WR,2024,14,0,0,0,0,0,13,94,0,116,101,1016,11,2,0,318.34,240.12,176.42
1166,Ladd McConkey,LAC,WR,2024,16,0,0,0,0,0,13,51,1,177,130,1208,6,2,0,294.06,200.12,298.23
1167,Keon Coleman,BUF,WR,2024,16,0,0,0,0,0,11,43,0,148,94,1206,14,2,1,358.17,226.98,185.98
1168,Rome Odunze,CHI,WR,2024,17,0,0,0,0,0,0,42,2,131,103,964,7,0,1,328.48,243.25,181.26
1169,Brian Thomas Jr,JAX,WR,2024,16,0,0,0,0,0,9,53,0,112,109,1717,8,0,0,369.41,183.77,216.23
1170,Adonai Mitchell,IND,WR,2024,15,0,0,0,0,0,4,26,1,172,83,1005,9,1,1,359.86,229.96,258.28
1171,Xavier Worthy,KC,WR,2024,15,0,0,0,0,0,15,33,0,147,92,1520,13,0,0,361.8,193.67,273.66
1172,Malachi Corley,NYJ,WR,2024,15,0,0,0,0,0,13,31,1,176,91,1684,7,0,1,367.71,272.01,300.51
1173,Malik Nabers,NYG,WR,2024,15,0,0,0,0,0,12,94,1,141,70,1005,15,2,0,358.3,183.98,222.99
1174,Marvin Harrison Jr,ARI,WR,2024,16,0,0,0,0,0,3,70,2,120,125,1612,6,0,0,249.96,212.6,160.94
1175,Allen Lazard,NYJ,WR,2024,15,0,0,0,0,0,7,74,1,170,117,1612,15,2,1,276.44,234.39,270.01
1176,Travis Kelce,KC,TE,2024,16,0,0,0,0,0,0,0,0,143,85,1157,8,0,1,160.43,187.09,155.22
1177,Sam LaPorta,DET,TE,2024,16,0,0,0,0,0,0,0,0,95,94,887,11,1,0,163.95,207.43,177.32
1178,Mark Andrews,BAL,TE,2024,17,0,0,0,0,0,0,0,0,145,101,1173,8,0,1,164.8,226.78,156.69
1179,George Kittle,SF,TE,2024,15,0,0,0,0,0,0,0,0,115,62,737,12,2,1,269.26,179.82,133.21
1180,T.J. Hockenson,MIN,TE,2024,15,0,0,0,0,0,0,0,0,146,93,895,9,2,1,215.65,166.19,160.05
1181,Evan Engram,JAX,TE,2024,17,0,0,0,0,0,0,0,0,149,103,1037,5,0,1,228.12,189.7,163.08
1182,Kyle Pitts,ATL,TE,2024,17,0,0,0,0,0,0,0,0,143,64,970,7,0,0,196.55,224.46,194.67
1183,David Njoku,CLE,TE,2024,14,0,0,0,0,0,0,0,0,104,94,1115,8,1,0,173.9,225.91,132.14
1184,Dallas Goedert,PHI,TE,2024,14,0,0,0,0,0,0,0,0,106,86,821,6,2,0,251.86,241.41,151.53
1185,Darren Waller,NYG,TE,2024,17,0,0,0,0,0,0,0,0,115,102,1295,11,1,1,256.41,237.24,133.61
1186,Dalton Kincaid,BUF,TE,2024,16,0,0,0,0,0,0,0,0,106,109,1281,9,1,0,249.97,155.65,168.18
1187,Jake Ferguson,DAL,TE,2024,17,0,0,0,0,0,0,0,0,108,60,772,12,2,1,257.14,147.99,172.43
1188,Cole Kmet,CHI,TE,2024,17,0,0,0,0,0,0,0,0,118,82,995,12,1,0,259.57,206.52,169.17
1189,Pat Freiermuth,PIT,TE,2024,15,0,0,0,0,0,0,0,0,142,99,1309,11,2,1,194.77,241.85,208.61
1190,Tyler Conklin,NYJ,TE,2024,16,0,0,0,0,0,0,0,0,144,109,1044,12,2,0,214.81,174.3,128.18
1191,Taysom Hill,NO,TE,2024,15,0,0,0,0,0,0,0,0,143,106,1208,4,2,1,189.13,234.83,126.92
1192,Hunter Henry,NE,TE,2024,16,0,0,0,0,0,0,0,0,126,80,726,12,2,1,231.92,241.31,138.11
1193,Jonnu Smith,MIA,TE,2024,16,0,0,0,0,0,0,0,0,129,108,1341,11,2,1,177.08,204.77,158.76
1194,Dalton Schultz,HOU,TE,2024,17,0,0,0,0,0,0,0,0,102,60,1153,10,2,0,208.79,216.79,196.84
1195,Chigoziem Okonkwo,TEN,TE,2024,15,0,0,0,0,0,0,0,0,145,68,1154,9,2,0,183.03,247.19,136.61
1196,Juwan Johnson,NO,TE,2024,17,0,0,0,0,0,0,0,0,98,61,743,8,0,1,252.15,219.24,148.82
1197,Luke Musgrave,GB,TE,2024,15,0,0,0,0,0,0,0,0,105,103,948,6,0,1,199.07,201.84,174.84
1198,Michael Mayer,LV,TE,2024,16,0,0,0,0,0,0,0,0,144,71,796,6,0,0,272.83,222.17,175.42
1199,Zach Ertz,WAS,TE,2024,14,0,0,0,0,0,0,0,0,84,71,824,11,0,0,178.52,243.26,155.66
1200,Noah Fant,SEA,TE,2024,15,0,0,0,0,0,0,0,0,114,87,1353,4,0,1,227.7,140.64,123.81
1201,Hayden Hurst,LAC,TE,2024,17,0,0,0,0,0,0,0,0,95,106,818,12,0,1,204.01,169.19,177.36
1202,Tyler Higbee,LAR,TE,2024,16,0,0,0,0,0,0,0,0,144,83,1214,10,0,1,227.39,238.29,176.74
1203,Gerald Everett,CHI,TE,2024,16,0,0,0,0,0,0,0,0,111,108,1105,12,2,1,261.2,170.5,212.69
1204,Cade Otton,TB,TE,2024,14,0,0,0,0,0,0,0,0,87,97,1163,8,0,0,204.36,146.23,213.83
1205,Isaiah Likely,BAL,TE,2024,15,0,0,0,0,0,0,0,0,111,78,1066,4,0,0,238.66,229.72,137.36
1206,Tucker Kraft,GB,TE,2024,15,0,0,0,0,0,0,0,0,128,88,1124,4,2,0,181.97,239.37,141.8
1207,Brock Bowers,LV,TE,2024,15,0,0,0,0,0,0,0,0,80,78,1382,7,1,1,184.08,184.65,215.74
1208,Trey McBride,ARI,TE,2024,16,0,0,0,0,0,0,0,0,129,83,904,11,2,1,218.99,190.96,146.17
1209,Ja'Tavion Sanders,CAR,TE,2024,15,0,0,0,0,0,0,0,0,126,60,1320,11,0,1,186.96,239.5,167.58
1210,Theo Johnson,NYG,TE,2024,16,0,0,0,0,0,0,0,0,122,96,1081,5,0,1,222.27,151.97,179.15
1211,Ben Sinnott,WAS,TE,2024,14,0,0,0,0,0,0,0,0,143,97,1285,9,1,1,171.46,167.1,198.3
1212,Erick All,CIN,TE,2024,17,0,0,0,0,0,0,0,0,82,72,1248,11,1,0,236.59,199.14,166.59
1213,Brenton Strange,JAX,TE,2024,17,0,0,0,0,0,0,0,0,143,76,765,8,0,0,190.58,237.92,135.08
1214,Luke Schoonmaker,DAL,TE,2024,16,0,0,0,0,0,0,0,0,114,62,979,8,1,0,252.2,207.93,187.4
1215,Will Dissly,LAC,TE,2024,16,0,0,0,0,0,0,0,0,130,90,1314,6,2,0,206.68,148.33,204.58
1216,Irv Smith Jr,HOU,TE,2024,17,0,0,0,0,0,0,0,0,102,78,1294,6,1,1,187.33,182.87,190.54
1217,Mo Alie-Cox,IND,TE,2024,17,0,0,0,0,0,0,0,0,110,72,1137,4,2,0,239.07,219.44,126.59
